agroup;anum
E;0.000000
C;2.828427
D;1.414214
A;5.656854
B;4.242641