num_int;num_float;num_double;num_decimal
123;456.123;78910.12345;12345678910111213.123456
234;567.123;89101.23456;23456789101112134.234567
