agroup;anum
A;5.656854
B;4.242641
C;2.828427
D;1.414214
E;0.000000
