savg;bavg;iavg;lavg;favg;davg
32765.5;122.5;1.0737418115E9;-4998.5;-100.0;-21.0
32765.5;122.5;1.0737418115E9;-4998.5;-100.0;-21.0
32765.5;122.5;1.0737418115E9;-4998.5;-100.0;-21.0
