num_int;num_float;num_double;num_decimal
123456.12378910.1234512345678910111213.123456
234567.12389101.2345623456789101112134.234567